Udara,udaramliyanage@gmail.com,aaaaaaa,aaaaaaaaaaaaa,

uda,udaraml.50@gmail.com,aaaaa,aaaaaaaaaaa,

Udara,udaraml.50@gmail.com,aaaa,aaaaaaaaaaaaa,

uml,udaraml.50@gmai.com,aa,aaaaaaaaaaaaa,

uda,udaraml.50@gmail.com,aaa,aaaaaaaaa,

uml,udaramadurangaliyanage@gmail.com,aaa,aaaaaaaa,

,,,,

,,,,

Udara,,,,

u,,,,

,,,,

Udara,,,,

,,,,

,,,,

Udara,,,,

,,,,

Udara,,,,

Udara,,,,

,,,,

Udara,,,,

,,,,

Udara,,,,

,,,,

Udara,,,,

Udara,,,,

,,,,

,,,,

,,,,

Udara,,,,

,,,,

,,,,

Udara,,,,

,,,,

Udara,,,,

,,,,

Udara,,,,

,,,,

Udara,udaramliyanage@gmail.com,aaa,aaaaaaaaa,

,,,,

,,,,

Udara,udaramliyanage@gmail.com,aaaaa,aaaaa,

Udara,udaramliyanage@gmail.com,aaa,aaaaaaa,

Udara,udaramliyanage@gmail.com,aaa,aaaaaaaa,

Udaraaaaaaaaa,udaramliyanage@gmail.com,aaaaa,aaaaaaaaa,

Udara@@@,udaraml.50@gmail.com,aaaaa,aaaaaa,

Udara@@,udaramliyanage@gmail.com,aaa,aaaaaaa,

Udara,udaramliyanage@gmail.com,aaaa,qqqqqqqqqqqqq,

Udara Liyanage,udaramliyanage@gmail.com,aaaaa,aaaaaaaaaa,

Udara,udaramliyanage@gmail.com,aaa,aaaaaaaaaaaaaaaaaaaaaaaaaaaaaaaaaaaaaaaaaaaaaaaaaaaaaaa,

Udara,udaramliyanage@gmail.com,aaaaa,aqaaaaaaaaaaaaaaaaaaaaaaaa,

